{"mean":{"confidence_interval":{"confidence_level":0.95,"lower_bound":0.651083326162789,"upper_bound":0.6564010336100908},"point_estimate":0.6537110651179405,"standard_error":0.0013551153860584177},"median":{"confidence_interval":{"confidence_level":0.95,"lower_bound":0.6506697825678135,"upper_bound":0.6524841633510958},"point_estimate":0.6515643091353259,"standard_error":0.0004904497511988426},"median_abs_dev":{"confidence_interval":{"confidence_level":0.95,"lower_bound":0.002977446886959645,"upper_bound":0.005154993026022755},"point_estimate":0.0039838108882881765,"standard_error":0.0005285810627696676},"slope":{"confidence_interval":{"confidence_level":0.95,"lower_bound":0.6523120882339246,"upper_bound":0.6561227408508615},"point_estimate":0.6540108603155629,"standard_error":0.0009804494951626583},"std_dev":{"confidence_interval":{"confidence_level":0.95,"lower_bound":0.006683228454521577,"upper_bound":0.01922041666807783},"point_estimate":0.013677099211504973,"standard_error":0.0031360825002251904}}