{"mean":{"confidence_interval":{"confidence_level":0.95,"lower_bound":0.6536294546638884,"upper_bound":0.6589056713733362},"point_estimate":0.656046381976697,"standard_error":0.001351395277396939},"median":{"confidence_interval":{"confidence_level":0.95,"lower_bound":0.6506796640878836,"upper_bound":0.6535232222719576},"point_estimate":0.6519790512676711,"standard_error":0.0008041425236703983},"median_abs_dev":{"confidence_interval":{"confidence_level":0.95,"lower_bound":0.0031131570108771977,"upper_bound":0.005840580722915483},"point_estimate":0.004368359935072455,"standard_error":0.0007076817665741619},"slope":{"confidence_interval":{"confidence_level":0.95,"lower_bound":0.6541870112225483,"upper_bound":0.6588239733734575},"point_estimate":0.6563957250768382,"standard_error":0.0011858384732602067},"std_dev":{"confidence_interval":{"confidence_level":0.95,"lower_bound":0.007955646271965988,"upper_bound":0.018248119489187628},"point_estimate":0.013576815325079396,"standard_error":0.0026376471517403173}}