{"mean":{"confidence_interval":{"confidence_level":0.95,"lower_bound":0.6518721501607673,"upper_bound":0.6586612748701286},"point_estimate":0.6550400108574458,"standard_error":0.0017259489507730607},"median":{"confidence_interval":{"confidence_level":0.95,"lower_bound":0.6512933524701736,"upper_bound":0.6537548883742835},"point_estimate":0.6527474676001788,"standard_error":0.0005096671060499735},"median_abs_dev":{"confidence_interval":{"confidence_level":0.95,"lower_bound":0.0028096376086199385,"upper_bound":0.0043682493849798104},"point_estimate":0.00337768006317835,"standard_error":0.0004073975751291721},"slope":{"confidence_interval":{"confidence_level":0.95,"lower_bound":0.6523023491287879,"upper_bound":0.654449593380885},"point_estimate":0.6533099882666364,"standard_error":0.0005492948814844706},"std_dev":{"confidence_interval":{"confidence_level":0.95,"lower_bound":0.00779572502420095,"upper_bound":0.02449716493371546},"point_estimate":0.01728263769442302,"standard_error":0.004258338947816709}}