{"mean":{"confidence_interval":{"confidence_level":0.95,"lower_bound":0.6525987515702103,"upper_bound":0.6584745222450764},"point_estimate":0.6554470621483971,"standard_error":0.0014936428252197633},"median":{"confidence_interval":{"confidence_level":0.95,"lower_bound":0.6512854590758997,"upper_bound":0.6531185544698976},"point_estimate":0.6522770031188561,"standard_error":0.0004332496730243763},"median_abs_dev":{"confidence_interval":{"confidence_level":0.95,"lower_bound":0.0031244244073474555,"upper_bound":0.0057217100852685315},"point_estimate":0.004321015880618381,"standard_error":0.0006902118069457348},"slope":{"confidence_interval":{"confidence_level":0.95,"lower_bound":0.65306677228039,"upper_bound":0.6562431714682423},"point_estimate":0.6545604661624456,"standard_error":0.0008098049327071916},"std_dev":{"confidence_interval":{"confidence_level":0.95,"lower_bound":0.00905213495317405,"upper_bound":0.01993796831010512},"point_estimate":0.014973034854629386,"standard_error":0.002775380518671955}}